Zone,Name,NumberUnits,MaxPower,VariableCost,Capacity,CO2Rate
Harad,Coal|Hard coal|w/o CCS,1,4616.586608799132,17.016539209728467,4616.586608799132,0.7511999999248801
Gondor,Coal|Hard coal|w/o CCS,1,5908.100000000001,17.016539209728467,5908.100000000001,0.7511999999248801
