Name,Zone,NumberUnits,MaxPower,MinPower,MaxPowerProfile,Energy,Capacity,MaxAddedCapacity,MaxRetCapacity,InvestmentCost
Solar|PV|Utility,Harad,1,73689.59358261043,0,EDF__PV-LoadFactor-PresentClimate-CH__13082019__13082019__v1.csv,134427233.9437979,73689.59358261043,0,0,278000.0
Solar|PV|Utility,Gondor,1,124391.02991452979,0,EDF__PV-LoadFactor-PresentClimate-IT__13082019__13082019__v1.csv,204446594.36653042,124391.02991452979,0,0,278000.0
Wind|Onshore,Harad,1,7815.433432337225,0,EDF__WindOnshore-LoadFactor-PresentClimate-CH__13082019__13082019__v1.csv,9497896.620090209,7815.433432337225,0,0,1000000.0
Wind|Onshore,Gondor,1,21053.835621312508,0,EDF__WindOnshore-LoadFactor-PresentClimate-IT__13082019__13082019__v1.csv,44826812.2963538,21053.835621312508,0,0,1000000.0
Hydro|Run of River,Harad,1,19832488.434099562,0,EDF__RunOfRiver-HourlyCoefficient-PresentClimate-CH__18092019__18092019__v1.csv,19832488.434099562,7662.72,0,0,2560000.0
Hydro|Run of River,Gondor,1,27311933.688288484,0,EDF__RunOfRiver-HourlyCoefficient-PresentClimate-IT__18092019__18092019__v1.csv,27311933.688288484,7848.280000000002,0,0,2560000.0
