Name,Zone,NumberUnits,MaxPower,MaxVolume,TurbineEfficiency,PumpingEfficiency,MinPower,MinVolume,MaxAddedCapacity,MaxRetCapacity,InvestmentCost
Hydro|Pumped Storage,DolAmroth,1,3302.0,330200.0,0.866,0.866,-3302.0,0,0.0,0.0,0.0
Hydro|Pumped Storage,RoGonDor,1,12150.539999999999,1215053.9999999998,0.866,0.866,-12150.539999999999,0,0.0,0.0,10.0
Hydro|Pumped Storage,Harad,1,5920.72,592072.0,0.866,0.866,-5920.72,0,0.0,0.0,10.0
Battery|Lithium-Ion,DolAmroth,1,3915.349093798037,15661.39637519215,0.95,0.95,-3915.349093798037,0,15000.0,0.0,0.0
Battery|Lithium-Ion,RoGonDor,1,142775.46610472782,571101.8644189112,0.95,0.95,-142775.46610472782,0,15000.0,0.0,10.0
Battery|Lithium-Ion,Harad,1,27246.119274895213,108984.4770995809,0.95,0.95,-27246.119274895213,0,15000.0,0.0,10.0
