Zone,Name,NumberUnits,MaxPower,VariableCost,Capacity,CO2Rate,InvestmentCost,MaxAddedCapacity,MaxRetCapacity
Harad,Coal|Hard coal|w/o CCS,1,4616.586608799132,17.016539209728467,4616.586608799132,0.7511999999248801,1031566.6666666666,0,0
Gondor,Coal|Hard coal|w/o CCS,1,5908.100000000001,17.016539209728467,5908.100000000001,0.7511999999248801,1031566.6666666666,0,0
Harad,Geothermal,1,1.0,2.5500000023999996,1.0,0.0,4550000.0,500,0
Gondor,Geothermal,1,1.0,2.5500000023999996,1.0,0.0,4550000.0,500,0
Harad,Nuclear,1,1.0,13.772846398716045,1.0,0.0,6115000.0,10000,0
Gondor,Nuclear,1,1.0,13.772846398716045,1.0,0.0,6115000.0,10000,0
